"Guelma","Volubilis","Ain Temouchent","Albulae","Thibilis","Tipasa"
"Guelma",200,0,0,0,0,0
"Volubilis",0,200,200,200,200,150.588235294118
"Ain Temouchent",0,200,200,200,200,150.588235294118
"Albulae",0,200,200,200,200,150.588235294118
"Thibilis",0,200,200,200,200,150.588235294118
"Tipasa",0,150.588235294118,150.588235294118,150.588235294118,150.588235294118,200
