"Numidia","Proconsularis","Mauretania Tingitana","Mauretania Caesarea","Tripolitania"
"Numidia",200,171.96261682243,171.96261682243,171.96261682243,171.96261682243
"Proconsularis",171.96261682243,200,200,180.555555555556,200
"Mauretania Tingitana",171.96261682243,200,200,180.555555555556,200
"Mauretania Caesarea",171.96261682243,180.555555555556,180.555555555556,200,180.555555555556
"Tripolitania",171.96261682243,200,200,180.555555555556,200
