"Proconsularis","Numidia","Mauretania Caesarea","Mauretania Tingitana","Tripolitania"
"Proconsularis",200,41.4882995886957,171.458863259495,170.702038516183,167.909400730007
"Numidia",41.4882995886957,200,37.4069787963226,37.8228686175115,33.857516266835
"Mauretania Caesarea",171.458863259495,37.4069787963226,200,198.616428078592,196.223213078605
"Mauretania Tingitana",170.702038516183,37.8228686175115,198.616428078592,200,196.034647649324
"Tripolitania",167.909400730007,33.857516266835,196.223213078605,196.034647649324,200
