"Proconsularis","Numidia","Mauretania Caesarea","Mauretania Tingitana","Tripolitania"
"Proconsularis",200,35.6311236763021,67.4027852565118,167.204336762916,9.05940922668435
"Numidia",35.6311236763021,200,168.22833841979,62.8137910179614,173.244179996531
"Mauretania Caesarea",67.4027852565118,168.22833841979,200,93.571471525648,141.656623970173
"Mauretania Tingitana",167.204336762916,62.8137910179614,93.571471525648,200,36.0579710144928
"Tripolitania",9.05940922668435,173.244179996531,141.656623970173,36.0579710144928,200
